,File,URL
0,/A_C-1_36_PV-2-EN.pdf,https://digitallibrary.un.org/record/24713
1,/S_PV-2120-EN.pdf,https://digitallibrary.un.org/record/516097
2,/S_PV-2119-EN.pdf,https://digitallibrary.un.org/record/30677
3,/S_PV-2109-EN.pdf,https://digitallibrary.un.org/record/516066
4,/A_S-10_PV.23-EN.pdf,https://digitallibrary.un.org/record/761017
5,/A_36_PV.23-EN.pdf,https://digitallibrary.un.org/record/761184
6,/A_36_PV.23-EN.pdf,https://digitallibrary.un.org/record/24634
7,/ilc_1980_v1.pdf,https://digitallibrary.un.org/record/52053
8,/A_36_22-EN.pdf,https://digitallibrary.un.org/record/36352
9,/A_C-1_37_PV-3-EN.pdf,https://digitallibrary.un.org/record/37017
10,/S_PV-2167-EN.pdf,https://digitallibrary.un.org/record/30691
11,/A_37_22-EN.pdf,https://digitallibrary.un.org/record/38648
12,/A_37_333%26S_15278-EN.pdf,https://digitallibrary.un.org/record/77702
13,/CD_335_Appendix_III_Vol.III-EN.pdf,https://digitallibrary.un.org/record/41572
14,/CD_PV.238-EN.pdf,https://digitallibrary.un.org/record/53659
15,/CD_PV.236-EN.pdf,https://digitallibrary.un.org/record/64680
16,/S_PV-2181-EN.pdf,https://digitallibrary.un.org/record/10489
17,/CD_PV.194-EN.pdf,https://digitallibrary.un.org/record/44583
18,/A_PV-2139-EN.pdf,https://digitallibrary.un.org/record/748674
19,/A_CONF.119_26-EN.pdf,https://digitallibrary.un.org/record/67160
20,/A_PV-2145-EN.pdf,https://digitallibrary.un.org/record/749805
21,/A_PV-2158-EN.pdf,https://digitallibrary.un.org/record/749838
22,/CD_421_AppendixIII_Vol.V-EN.pdf,https://digitallibrary.un.org/record/698268
23,/A_PV-2132-EN.pdf,https://digitallibrary.un.org/record/749703
24,/A_38_132--S_15675-EN.pdf,https://digitallibrary.un.org/record/77705
25,/A_PV-2162-EN.pdf,https://digitallibrary.un.org/record/749843
26,/CD_421_Appendix_III_Vol.I-EN.pdf,https://digitallibrary.un.org/record/58521
27,/E_CN.4_1983_10-EN.pdf,https://digitallibrary.un.org/record/42791
28,/A_37_24-EN.pdf,https://digitallibrary.un.org/record/59035
29,/A_C.1_39_PV.21-EN.pdf,https://digitallibrary.un.org/record/70490
30,/CD_PV.241-EN.pdf,https://digitallibrary.un.org/record/71026
31,/A_34_PV.47-EN.pdf,https://digitallibrary.un.org/record/753978
32,/A_CONF.62_%5EVOL.17%5E-EN.pdf,https://digitallibrary.un.org/record/81862
33,/A_39_159_S_16451-EN.pdf,https://digitallibrary.un.org/record/65212
34,/A_35_PV.25-EN.pdf,https://digitallibrary.un.org/record/16296
35,/A_34_PV.39-EN.pdf,https://digitallibrary.un.org/record/753969
36,/A_34_PV.16-EN.pdf,https://digitallibrary.un.org/record/753183
37,/A_34_PV.6-EN.pdf,https://digitallibrary.un.org/record/753137
38,/A_34_PV.10-EN.pdf,https://digitallibrary.un.org/record/753139
39,/A_34_PV.23-EN.pdf,https://digitallibrary.un.org/record/753195
40,/A_35_PV.8-EN.pdf,https://digitallibrary.un.org/record/15512
41,/A_34_PV.25-EN.pdf,https://digitallibrary.un.org/record/753198
42,/CD_540%5EAppendix_III_Vol.II%5E-EN.pdf,https://digitallibrary.un.org/record/697795
43,/A_38_24-EN.pdf,https://digitallibrary.un.org/record/693181
44,/T_PV.1581-EN.pdf,https://digitallibrary.un.org/record/1650072
45,/A_C-1_40_PV-11-EN.pdf,https://digitallibrary.un.org/record/99053
46,/A_40_PV.121-EN.pdf,https://digitallibrary.un.org/record/108764
47,/A_40_PV.5-EN.pdf,https://digitallibrary.un.org/record/97740
48,/A_40_PV.117-EN.pdf,https://digitallibrary.un.org/record/110238
49,/A_40_PV.4-EN.pdf,https://digitallibrary.un.org/record/97785
50,/A_40_PV.55-EN.pdf,https://digitallibrary.un.org/record/103282
51,/A_40_PV.15-EN.pdf,https://digitallibrary.un.org/record/98273
52,/A_40_PV.12-EN.pdf,https://digitallibrary.un.org/record/98597
53,/A_40_PV.32-EN.pdf,https://digitallibrary.un.org/record/100052
54,/A_40_PV.70-EN.pdf,https://digitallibrary.un.org/record/106242
55,/A_40_PV.102-EN.pdf,https://digitallibrary.un.org/record/107915
56,/A_40_PV.62-EN.pdf,https://digitallibrary.un.org/record/104286
57,/A_40_PV.10-EN.pdf,https://digitallibrary.un.org/record/98243
58,/A_40_PV.63-EN.pdf,https://digitallibrary.un.org/record/104287
59,/E_CN.4_1985_8-EN.pdf,https://digitallibrary.un.org/record/86033
60,/A_40_PV.9-EN.pdf,https://digitallibrary.un.org/record/98525
61,/ilc_1983_v1.pdf,https://digitallibrary.un.org/record/114566
62,/A_39_24-EN.pdf,https://digitallibrary.un.org/record/697792
63,/A_40_18-EN.pdf,https://digitallibrary.un.org/record/100670
64,/A_37_Annexes_Vol.I-EN.pdf,https://digitallibrary.un.org/record/806296
65,/S_PV-2705-EN.pdf,https://digitallibrary.un.org/record/120534
66,/A_PV-2286-EN.pdf,https://digitallibrary.un.org/record/743710
67,/A_41_609-EN.pdf,https://digitallibrary.un.org/record/122535
68,/S_PV-2646-EN.pdf,https://digitallibrary.un.org/record/110001
69,/A_40_PV.121-EN.pdf,https://digitallibrary.un.org/record/108764
70,/A_41_PV.42-EN.pdf,https://digitallibrary.un.org/record/123103
71,/A_41_PV.21-EN.pdf,https://digitallibrary.un.org/record/122001
72,/A_36_PV.23-EN.pdf,https://digitallibrary.un.org/record/761184
73,/S_PV-2686-EN.pdf,https://digitallibrary.un.org/record/118045
74,/S_PV-2686-EN.pdf,https://digitallibrary.un.org/record/541435
75,/A_41_PV.67-EN.pdf,https://digitallibrary.un.org/record/123922
76,/CD_732_AppendixII_Vol.IV-EN.pdf,https://digitallibrary.un.org/record/127676
77,/A_41_PV.5-EN.pdf,https://digitallibrary.un.org/record/120933
78,/A_41_PV.86-EN.pdf,https://digitallibrary.un.org/record/124358
79,/CD_732_AppendixII_Vol.II-EN.pdf,https://digitallibrary.un.org/record/691257
80,/A_41_PV.62-EN.pdf,https://digitallibrary.un.org/record/123489
81,/A_41_PV.20-EN.pdf,https://digitallibrary.un.org/record/122000
82,/A_40_1147%26S_18227-EN.pdf,https://digitallibrary.un.org/record/118977
83,/A_41_PV.56-EN.pdf,https://digitallibrary.un.org/record/123504
84,/A_41_PV.15-EN.pdf,https://digitallibrary.un.org/record/121550
85,/A_41_45-EN.pdf,https://digitallibrary.un.org/record/118320
86,/A_41_PV.25-EN.pdf,https://digitallibrary.un.org/record/122109
87,/A_41_PV.83-EN.pdf,https://digitallibrary.un.org/record/124203
88,/A_41_PV.9-EN.pdf,https://digitallibrary.un.org/record/121109
89,/A_41_PV.43-EN.pdf,https://digitallibrary.un.org/record/123113
90,/A_40_24-EN.pdf,https://digitallibrary.un.org/record/126937
91,/A_38_Annexes_Vol._I-EN.pdf,https://digitallibrary.un.org/record/808543
92,/A_PV-2304-EN.pdf,https://digitallibrary.un.org/record/743733
93,/A_42_PV-64-EN.pdf,https://digitallibrary.un.org/record/149311
94,/A_PV-2438-EN.pdf,https://digitallibrary.un.org/record/745830
95,/S_PV.2741-EN.pdf,https://digitallibrary.un.org/record/133794
96,/A_C.1_42_PV.40-EN.pdf,https://digitallibrary.un.org/record/149972
97,/S_PV.2735-EN.pdf,https://digitallibrary.un.org/record/129245
98,/S_PV.2745-EN.pdf,https://digitallibrary.un.org/record/133792
99,/S_PV.2734-EN.pdf,https://digitallibrary.un.org/record/561922
100,/S_PV.2734-EN.pdf,https://digitallibrary.un.org/record/129244
101,/S_PV.2766-EN.pdf,https://digitallibrary.un.org/record/149605
102,/S_PV.2740-EN.pdf,https://digitallibrary.un.org/record/133795
103,/S_PV.2775-EN.pdf,https://digitallibrary.un.org/record/152692
104,/S_PV.2774-EN.pdf,https://digitallibrary.un.org/record/152691
105,/S_PV.2746-EN.pdf,https://digitallibrary.un.org/record/133791
106,/A_42_PV.23-EN.pdf,https://digitallibrary.un.org/record/143970
107,/A_PV-2301-EN.pdf,https://digitallibrary.un.org/record/743730
108,/A_42_PV.7-EN.pdf,https://digitallibrary.un.org/record/143106
109,/A_42_PV.31-EN.pdf,https://digitallibrary.un.org/record/145311
110,/A_42_PV.33-EN.pdf,https://digitallibrary.un.org/record/145302
111,/%5ES_SUPP_1985_4%5E--%5EOR_SC_1985_IV%5E-EN.pdf,https://digitallibrary.un.org/record/157068
112,/A_42_PV.115-EN.pdf,https://digitallibrary.un.org/record/45282
113,/E_CN.4_Sub.2_1988_SR.15-EN.pdf,https://digitallibrary.un.org/record/51374
114,/A_42_PV-100-EN.pdf,https://digitallibrary.un.org/record/157764
115,/A_43_384--S_19915-EN.pdf,https://digitallibrary.un.org/record/39848
116,/A_42_PV.105-EN.pdf,https://digitallibrary.un.org/record/159052
117,/E_1988_37--E_ECA_CM_14_42-EN.pdf,https://digitallibrary.un.org/record/58814
118,/S_PV.2820-EN.pdf,https://digitallibrary.un.org/record/42563
119,/S_PV.2801-EN.pdf,https://digitallibrary.un.org/record/159935
120,/S_PV.2792-EN.pdf,https://digitallibrary.un.org/record/157457
121,/S_PV.2808-EN.pdf,https://digitallibrary.un.org/record/161047
122,/CD_875_AppendixII_VolumeI-EN.pdf,https://digitallibrary.un.org/record/604215
123,/S_PV.2805-EN.pdf,https://digitallibrary.un.org/record/160717
124,/CD_875_AppendixII_VolumeII-EN.pdf,https://digitallibrary.un.org/record/73886
125,/S_PV.2809-EN.pdf,https://digitallibrary.un.org/record/161098
126,/S_PV.2818-EN.pdf,https://digitallibrary.un.org/record/42562
127,/A_43_PV.95-EN.pdf,https://digitallibrary.un.org/record/64967
128,/A_S-16_PV.6-EN.pdf,https://digitallibrary.un.org/record/84693
129,/S_PV.2863-EN.pdf,https://digitallibrary.un.org/record/62606
130,/A_S-16_PV.4-EN.pdf,https://digitallibrary.un.org/record/84587
131,/S_PV.2857-EN.pdf,https://digitallibrary.un.org/record/60560
132,/S_PV.2879-EN.pdf,https://digitallibrary.un.org/record/72118
133,/S_PV.2840-EN.pdf,https://digitallibrary.un.org/record/54678
134,/CD_956_AppendixII_VolumeI-EN.pdf,https://digitallibrary.un.org/record/83002
135,/S_PV.2880-EN.pdf,https://digitallibrary.un.org/record/72106
136,/CD_956_AppendixII_VolumeII-EN.pdf,https://digitallibrary.un.org/record/616334
137,/S_PV.2847-EN.pdf,https://digitallibrary.un.org/record/56647
138,/CD_956_AppendixII_VolumeIII-EN.pdf,https://digitallibrary.un.org/record/616337
139,/A_44_PV.24-EN.pdf,https://digitallibrary.un.org/record/77269
140,/A_44_PV.63-EN.pdf,https://digitallibrary.un.org/record/81793
141,/A_44_PV.23-EN.pdf,https://digitallibrary.un.org/record/77270
142,/A_44_PV.11-EN.pdf,https://digitallibrary.un.org/record/76243
143,/A_42_24-EN.pdf,https://digitallibrary.un.org/record/59637
144,/A_44_PV-96-EN.pdf,https://digitallibrary.un.org/record/97899
145,/S_PV-2920-EN.pdf,https://digitallibrary.un.org/record/185920
146,/A_S-16_PV.6-EN.pdf,https://digitallibrary.un.org/record/84693
147,/S_PV.2923-EN.pdf,https://digitallibrary.un.org/record/93087
148,/A_S-18_PV-1-EN.pdf,https://digitallibrary.un.org/record/89990
149,/S_PV.2947-EN.pdf,https://digitallibrary.un.org/record/105329
150,/A_S-16_PV.4-EN.pdf,https://digitallibrary.un.org/record/84587
151,/A_S-17_PV.4-EN.pdf,https://digitallibrary.un.org/record/89115
152,/A_S-18_PV.8-EN.pdf,https://digitallibrary.un.org/record/91514
153,/CD_1039_AppendixII_VolumeI-EN.pdf,https://digitallibrary.un.org/record/108464
154,/CD_1039_AppendixII_VolumeIII-EN.pdf,https://digitallibrary.un.org/record/108466
155,/CD_1039_AppendixII_VolumeII-EN.pdf,https://digitallibrary.un.org/record/108465
156,/A_45_PV.14-EN.pdf,https://digitallibrary.un.org/record/100185
157,/CD_1039_AppendixI_VolumeII-EN.pdf,https://digitallibrary.un.org/record/137256
158,/A_43_Annexes_Vol.II--A_43_Annexes_Vol.2-EN.pdf,https://digitallibrary.un.org/record/806300
159,/CD_1039-EN.pdf,https://digitallibrary.un.org/record/100436
160,/A_45_27-EN.pdf,https://digitallibrary.un.org/record/106402
161,/T_PV.1691-EN.pdf,https://digitallibrary.un.org/record/1650176
162,/A_C.1_46_PV.2-EN.pdf,https://digitallibrary.un.org/record/131915
163,/S_PV.2981-EN.pdf,https://digitallibrary.un.org/record/110801
164,/S_PV.2977%28PartII%29%28closed%29-EN.pdf,https://digitallibrary.un.org/record/108148
165,/A_46_PV.12-EN.pdf,https://digitallibrary.un.org/record/130363
166,/A_46_PV.20-EN.pdf,https://digitallibrary.un.org/record/130368
167,/A_46_PV.11-EN.pdf,https://digitallibrary.un.org/record/128567
168,/A_46_PV.87-EN.pdf,https://digitallibrary.un.org/record/149367
169,/A_47_15%28Vol.I%29-EN.pdf,https://digitallibrary.un.org/record/146525
170,/T_PV.1691-EN.pdf,https://digitallibrary.un.org/record/1650176
171,/S_PV.3033-EN.pdf,https://digitallibrary.un.org/record/136959
172,/A_47_PV.71-EN.pdf,https://digitallibrary.un.org/record/160038
173,/S_PV.3136-EN.pdf,https://digitallibrary.un.org/record/154407
174,/E_1992_33--E_ECA_CM_18_24-EN.pdf,https://digitallibrary.un.org/record/171732
175,/S_PV.3138-EN.pdf,https://digitallibrary.un.org/record/154668
176,/S_PV.3151-EN.pdf,https://digitallibrary.un.org/record/173815
177,/A_47_PV.11-EN.pdf,https://digitallibrary.un.org/record/151790
178,/A_47_PV.23-EN.pdf,https://digitallibrary.un.org/record/152461
179,/A_47_PV.13-EN.pdf,https://digitallibrary.un.org/record/151962
180,/A_47_PV.16-EN.pdf,https://digitallibrary.un.org/record/152253
181,/A_47_PV.9-EN.pdf,https://digitallibrary.un.org/record/151568
182,/A_47_PV.20-EN.pdf,https://digitallibrary.un.org/record/152340
183,/A_47_PV.12-EN.pdf,https://digitallibrary.un.org/record/151901
184,/A_47_PV.25-EN.pdf,https://digitallibrary.un.org/record/152462
185,/CD_1173_AppendixII_VolumeIV-EN.pdf,https://digitallibrary.un.org/record/164158
186,/A_47_PV.15-EN.pdf,https://digitallibrary.un.org/record/152262
187,/A_47_PV-73-EN.pdf,https://digitallibrary.un.org/record/157912
188,/A_47_PV.7-EN.pdf,https://digitallibrary.un.org/record/151536
189,/A_47_558-EN.pdf,https://digitallibrary.un.org/record/156381
190,/A_47_PV.34-EN.pdf,https://digitallibrary.un.org/record/154249
191,/A_47_PV-85-EN.pdf,https://digitallibrary.un.org/record/158799
192,/%5ES_SUPP_1986_3%5E--%5EOR_SC_1986_III%5E-EN.pdf,https://digitallibrary.un.org/record/146262
193,/S_PV.3322-EN.pdf,https://digitallibrary.un.org/record/178582
194,/A_47_PV-106-EN.pdf,https://digitallibrary.un.org/record/170529
195,/S_PV.3208-EN.pdf,https://digitallibrary.un.org/record/170095
196,/S_PV.3200-EN.pdf,https://digitallibrary.un.org/record/166276
197,/A_47_PV.100-EN.pdf,https://digitallibrary.un.org/record/165741
198,/A_48_PV.72-EN.pdf,https://digitallibrary.un.org/record/180059
199,/CD_PV.650-EN.pdf,https://digitallibrary.un.org/record/171352
200,/CD_PV.658-EN.pdf,https://digitallibrary.un.org/record/173742
201,/A_48_PV.78-EN.pdf,https://digitallibrary.un.org/record/180544
202,/S_PV.3174-EN.pdf,https://digitallibrary.un.org/record/159753
203,/A_48_PV-82-EN.pdf,https://digitallibrary.un.org/record/180543
204,/CD_PV.640-EN.pdf,https://digitallibrary.un.org/record/168684
205,/S_PV.3168-EN.pdf,https://digitallibrary.un.org/record/197145
206,/A_48_PV.5-EN.pdf,https://digitallibrary.un.org/record/179315
207,/A_48_PV.22-EN.pdf,https://digitallibrary.un.org/record/382908
208,/A_48_PV.6-EN.pdf,https://digitallibrary.un.org/record/174830
209,/A_CONF-151_26_Rev-1%28Vol-II%29-EN.pdf,https://digitallibrary.un.org/record/168679
210,/A_48_PV.4-EN.pdf,https://digitallibrary.un.org/record/175854
211,/A_CONF-151_26_Rev-1%28Vol-III%29-EN.pdf,https://digitallibrary.un.org/record/173382
212,/A_48_PV.9-EN.pdf,https://digitallibrary.un.org/record/176315
213,/A_48_PV-47-EN.pdf,https://digitallibrary.un.org/record/177556
214,/A_48_322-EN.pdf,https://digitallibrary.un.org/record/175787
215,/A_48_PV.18-EN.pdf,https://digitallibrary.un.org/record/177195
216,/A_47_15-EN.pdf,https://digitallibrary.un.org/record/690354
217,/A_48_PV.60-EN.pdf,https://digitallibrary.un.org/record/178138
218,/A_48_PV.56-EN.pdf,https://digitallibrary.un.org/record/177895
219,/A_47_PV-85-EN.pdf,https://digitallibrary.un.org/record/158799
220,/A_46_Annexes%28Vol.II%29-EN.pdf,https://digitallibrary.un.org/record/180285
221,/A_48_PV.94-EN.pdf,https://digitallibrary.un.org/record/168999
222,/S_PV.3379-EN.pdf,https://digitallibrary.un.org/record/162585
223,/E_1994_40--E_ECA_CM_20_38-EN.pdf,https://digitallibrary.un.org/record/198431
224,/A_48_PV.78-EN.pdf,https://digitallibrary.un.org/record/180544
225,/A_48_PV-82-EN.pdf,https://digitallibrary.un.org/record/180543
226,/S_PV.3400-EN.pdf,https://digitallibrary.un.org/record/162656
227,/A_49_PV.4-EN.pdf,https://digitallibrary.un.org/record/163080
228,/S_PV-3342-EN.pdf,https://digitallibrary.un.org/record/161818
229,/A_49_PV.28-EN.pdf,https://digitallibrary.un.org/record/169004
230,/A_49_PV.27-EN.pdf,https://digitallibrary.un.org/record/169003
231,/A_49_PV.25-EN.pdf,https://digitallibrary.un.org/record/163887
232,/A_49_PV.69-EN.pdf,https://digitallibrary.un.org/record/169007
233,/S_PV.3377-EN.pdf,https://digitallibrary.un.org/record/188689
234,/A_AC.115_PV.673-EN.pdf,https://digitallibrary.un.org/record/190691
235,/A_49_PV.74-EN.pdf,https://digitallibrary.un.org/record/167685
236,/S_PV.3447-EN.pdf,https://digitallibrary.un.org/record/164309
237,/A_49_PV.10-EN.pdf,https://digitallibrary.un.org/record/163875
238,/A_49_PV.92-EN.pdf,https://digitallibrary.un.org/record/170358
239,/A_49_PV.18-EN.pdf,https://digitallibrary.un.org/record/168272
240,/A_49_PV.13-EN.pdf,https://digitallibrary.un.org/record/163878
241,/A_49_PV.16-EN.pdf,https://digitallibrary.un.org/record/168270
242,/A_49_PV.19-EN.pdf,https://digitallibrary.un.org/record/168273
243,/A_49_PV.9-EN.pdf,https://digitallibrary.un.org/record/163876
244,/%5EST_%5EDPI_1568-EN.pdf,https://digitallibrary.un.org/record/198101
245,/A_49_PV.6-EN.pdf,https://digitallibrary.un.org/record/163309
246,/A_49_4-EN.pdf,https://digitallibrary.un.org/record/162748
247,/%5ES_SUPP_1987_2%5E--%5EOR_SC_1987_II%5E-EN.pdf,https://digitallibrary.un.org/record/503267
248,/%5ES_SUPP_1987_4%5E--%5EOR_SC_1987_IV%5E-EN.pdf,https://digitallibrary.un.org/record/503268
249,/A_49_38-EN.pdf,https://digitallibrary.un.org/record/194442
250,/S_PV.3589-EN.pdf,https://digitallibrary.un.org/record/190562
251,/S_PV.3513-EN.pdf,https://digitallibrary.un.org/record/198305
252,/A_49_PV-104-EN.pdf,https://digitallibrary.un.org/record/183827
253,/A_C.1_50_PV.13-EN.pdf,https://digitallibrary.un.org/record/206803
254,/CD_PV.704-EN.pdf,https://digitallibrary.un.org/record/188828
255,/CD_PV.714-EN.pdf,https://digitallibrary.un.org/record/208928
256,/A_50_PV.38-EN.pdf,https://digitallibrary.un.org/record/200817
257,/S_PV.3575-EN.pdf,https://digitallibrary.un.org/record/186178
258,/A_50_PV.40-EN.pdf,https://digitallibrary.un.org/record/190617
259,/A_50_PV.37-EN.pdf,https://digitallibrary.un.org/record/189971
260,/TD_B_41%282%29_L.2-EN.pdf,https://digitallibrary.un.org/record/177665
261,/A_50_PV-75-EN.pdf,https://digitallibrary.un.org/record/201749
262,/A_49_PV-99-EN.pdf,https://digitallibrary.un.org/record/177818
263,/A_50_PV.26-EN.pdf,https://digitallibrary.un.org/record/200091
264,/CD_PV.707-EN.pdf,https://digitallibrary.un.org/record/188831
265,/A_50_PV.80-EN.pdf,https://digitallibrary.un.org/record/202315
266,/TD_B_42%281%29_L-2-EN.pdf,https://digitallibrary.un.org/record/186444
267,/A_50_PV.36-EN.pdf,https://digitallibrary.un.org/record/200058
268,/CD_PV.705-EN.pdf,https://digitallibrary.un.org/record/188829
269,/A_50_PV.11-EN.pdf,https://digitallibrary.un.org/record/199596
270,/A_50_PV.9-EN.pdf,https://digitallibrary.un.org/record/200073
271,/S_PV-3595-EN.pdf,https://digitallibrary.un.org/record/200814
272,/A_50_PV.29-EN.pdf,https://digitallibrary.un.org/record/200816
273,/A_50_PV.15-EN.pdf,https://digitallibrary.un.org/record/200036
274,/CD_PV.715-EN.pdf,https://digitallibrary.un.org/record/208929
275,/A_50_PV.51-EN.pdf,https://digitallibrary.un.org/record/200820
276,/A_AC.109_PV.1445-EN.pdf,https://digitallibrary.un.org/record/217596
277,/A_50_PV-77-EN.pdf,https://digitallibrary.un.org/record/201782
278,/A_50_PV.52-EN.pdf,https://digitallibrary.un.org/record/200821
279,/A_50_PV.42-EN.pdf,https://digitallibrary.un.org/record/200558
280,/%5EST_%5EDPI_1475-EN.pdf,https://digitallibrary.un.org/record/198261
281,/TD_B_41%282%29_15%28Vol.II%29-EN.pdf,https://digitallibrary.un.org/record/188841
282,/A_50_18-EN.pdf,https://digitallibrary.un.org/record/200198
283,/%5EST_%5EDPI_1676-EN.pdf,https://digitallibrary.un.org/record/205690
284,/S_PV-3617-EN.pdf,https://digitallibrary.un.org/record/202085
285,/A_51_PV-59-EN.pdf,https://digitallibrary.un.org/record/229976
286,/S_PV.3621-EN.pdf,https://digitallibrary.un.org/record/203337
287,/S_PV.3676-EN.pdf,https://digitallibrary.un.org/record/216392
288,/DPI_1678%26%5EST_%5EDPI_1678-EN.pdf,https://digitallibrary.un.org/record/216569
289,/S_PV.3652%28Resumption1%29-EN.pdf,https://digitallibrary.un.org/record/210197
290,/A_51_PV.29-EN.pdf,https://digitallibrary.un.org/record/228905
291,/A_51_PV.51-EN.pdf,https://digitallibrary.un.org/record/229583
292,/E_1996_35%26E_ECA_CM_22_14-EN.pdf,https://digitallibrary.un.org/record/216704
293,/A_51_PV.4-EN.pdf,https://digitallibrary.un.org/record/223048
294,/A_51_PV.15-EN.pdf,https://digitallibrary.un.org/record/228592
295,/S_PV.3641-EN.pdf,https://digitallibrary.un.org/record/208612
296,/A_51_PV.6-EN.pdf,https://digitallibrary.un.org/record/223367
297,/A_51_PV.22-EN.pdf,https://digitallibrary.un.org/record/228793
298,/S_PV-3623-EN.pdf,https://digitallibrary.un.org/record/203338
299,/A_51_PV.25-EN.pdf,https://digitallibrary.un.org/record/228895
300,/%5EST_%5EDPI_1677-EN.pdf,https://digitallibrary.un.org/record/205118
301,/A_51_PV.40-EN.pdf,https://digitallibrary.un.org/record/229140
302,/DPI_1770%26%5EST_%5EDPI_1770-EN.pdf,https://digitallibrary.un.org/record/205405
303,/A_CONF.165_14-EN.pdf,https://digitallibrary.un.org/record/222703
304,/S_PV-3689-EN.pdf,https://digitallibrary.un.org/record/220235
305,/A_51_PV.42-EN.pdf,https://digitallibrary.un.org/record/229387
306,/A_51_PV-101-EN.pdf,https://digitallibrary.un.org/record/240759
307,/A_51_PV-107-EN.pdf,https://digitallibrary.un.org/record/244589
308,/S_1997_688-EN.pdf,https://digitallibrary.un.org/record/243127
309,/A_AC.183_PV.234-EN.pdf,https://digitallibrary.un.org/record/250209
310,/A_AC.183_PV.226-EN.pdf,https://digitallibrary.un.org/record/244226
311,/S_PV.3770-EN.pdf,https://digitallibrary.un.org/record/233329
312,/A_52_PV.16-EN.pdf,https://digitallibrary.un.org/record/245875
313,/CD_PV.767-EN.pdf,https://digitallibrary.un.org/record/241478
314,/A_52_PV.19-EN.pdf,https://digitallibrary.un.org/record/246873
315,/S_PV.3767-EN.pdf,https://digitallibrary.un.org/record/233124
316,/A_52_PV.17-EN.pdf,https://digitallibrary.un.org/record/245812
317,/A_52_PV.18-EN.pdf,https://digitallibrary.un.org/record/245399
318,/A_52_PV.22-EN.pdf,https://digitallibrary.un.org/record/245400
319,/S_PV-3819-EN.pdf,https://digitallibrary.un.org/record/243961
320,/A_52_PV.20-EN.pdf,https://digitallibrary.un.org/record/245503
321,/A_52_PV.9-EN.pdf,https://digitallibrary.un.org/record/244592
322,/S_PV.3745%28Resumption1%29-EN.pdf,https://digitallibrary.un.org/record/231807
323,/A_52_PV.24-EN.pdf,https://digitallibrary.un.org/record/245813
324,/A_S-19_PV.5-EN.pdf,https://digitallibrary.un.org/record/241931
325,/A_52_PV.73-EN.pdf,https://digitallibrary.un.org/record/250385
326,/S_PV.3842-EN.pdf,https://digitallibrary.un.org/record/248208
327,/S_PV.3745-EN.pdf,https://digitallibrary.un.org/record/231752
328,/A_52_PV-44-EN.pdf,https://digitallibrary.un.org/record/250486
329,/S_PV.3923-EN.pdf,https://digitallibrary.un.org/record/259558
330,/A_AC.183_PV.242-EN.pdf,https://digitallibrary.un.org/record/274474
331,/A_53_PV.54-EN.pdf,https://digitallibrary.un.org/record/263504
332,/A_53_638--S_1998_1035-EN.pdf,https://digitallibrary.un.org/record/263630
333,/S_PV.3864-EN.pdf,https://digitallibrary.un.org/record/251587
334,/A_53_PV.25-EN.pdf,https://digitallibrary.un.org/record/260995
335,/A_53_PV.21-EN.pdf,https://digitallibrary.un.org/record/260762
336,/A_53_PV.87-EN.pdf,https://digitallibrary.un.org/record/265725
337,/S_PV-2686-EN.pdf,https://digitallibrary.un.org/record/541435
338,/S_PV.3875-EN.pdf,https://digitallibrary.un.org/record/252933
339,/A_53_PV.10-EN.pdf,https://digitallibrary.un.org/record/260364
340,/A_C-1_53_PV-8-EN.pdf,https://digitallibrary.un.org/record/1492996
341,/A_53_PV.8-EN.pdf,https://digitallibrary.un.org/record/260361
342,/CD_PV.795-EN.pdf,https://digitallibrary.un.org/record/258791
343,/A_53_PV.9-EN.pdf,https://digitallibrary.un.org/record/260362
344,/A_53_PV.89-EN.pdf,https://digitallibrary.un.org/record/265728
345,/A_50_18-EN.pdf,https://digitallibrary.un.org/record/1493189
346,/A_53_PV.105-EN.pdf,https://digitallibrary.un.org/record/285624
347,/S_PV.3975-EN.pdf,https://digitallibrary.un.org/record/268067
348,/A_AC.183_PV.249-EN.pdf,https://digitallibrary.un.org/record/413477
349,/CD_PV-823-EN.pdf,https://digitallibrary.un.org/record/1489226
350,/S_PV-3986-EN.pdf,https://digitallibrary.un.org/record/1489597
351,/A_54_PV.79-EN.pdf,https://digitallibrary.un.org/record/404465
352,/A_53_868--S_1999_303-EN.pdf,https://digitallibrary.un.org/record/1491677
353,/S_PV.4067%28Resumption1%29-EN.pdf,https://digitallibrary.un.org/record/343899
354,/S_PV.4049%28Resumption2%29-EN.pdf,https://digitallibrary.un.org/record/286491
355,/A_53_PV.95-EN.pdf,https://digitallibrary.un.org/record/270544
356,/A_54_PV.12-EN.pdf,https://digitallibrary.un.org/record/286134
357,/S_PV.4067-EN.pdf,https://digitallibrary.un.org/record/343859
358,/A_54_PV.5-EN.pdf,https://digitallibrary.un.org/record/285884
359,/A_S-22_PV.5-EN.pdf,https://digitallibrary.un.org/record/286420
360,/A_54_PV.41-EN.pdf,https://digitallibrary.un.org/record/301646
361,/A_54_PV.6-EN.pdf,https://digitallibrary.un.org/record/285885
362,/S_1999_1029-EN.pdf,https://digitallibrary.un.org/record/287080
363,/A_53_PV-96-EN.pdf,https://digitallibrary.un.org/record/1487694
364,/S_PV.4037%28Resumption1%29-EN.pdf,https://digitallibrary.un.org/record/278379
365,/A_54_PV.11-EN.pdf,https://digitallibrary.un.org/record/286133
366,/A_54_PV.17-EN.pdf,https://digitallibrary.un.org/record/286417
367,/A_54_PV-62-EN.pdf,https://digitallibrary.un.org/record/371294
368,/A_54_PV.19-EN.pdf,https://digitallibrary.un.org/record/286467
369,/A_54_PV-65-EN.pdf,https://digitallibrary.un.org/record/376404
370,/S_PV.4072-EN.pdf,https://digitallibrary.un.org/record/380537
371,/A_54_PV.9-EN.pdf,https://digitallibrary.un.org/record/285998
372,/S_PV.4020%28Resumption1%29-EN.pdf,https://digitallibrary.un.org/record/275876
373,/A_54_PV.70-EN.pdf,https://digitallibrary.un.org/record/403840
374,/S_PV-3987-EN.pdf,https://digitallibrary.un.org/record/1492654
375,/A_54_PV.98-EN.pdf,https://digitallibrary.un.org/record/416359
376,/A_54_PV.96-EN.pdf,https://digitallibrary.un.org/record/413695
377,/A_AC.183_PV.255-EN.pdf,https://digitallibrary.un.org/record/433718
378,/S_PV.4194-EN.pdf,https://digitallibrary.un.org/record/421873
379,/S_PV.4092-EN.pdf,https://digitallibrary.un.org/record/406378
380,/S_PV.4178-EN.pdf,https://digitallibrary.un.org/record/419578
381,/A_AC.96_944-EN.pdf,https://digitallibrary.un.org/record/425559
382,/A_55_12_Add.1-EN.pdf,https://digitallibrary.un.org/record/426238
383,/A_54_PV.99-EN.pdf,https://digitallibrary.un.org/record/420501
384,/A_C.1_55_PV.10-EN.pdf,https://digitallibrary.un.org/record/432532
385,/A_55_PV.24-EN.pdf,https://digitallibrary.un.org/record/422797
386,/A_55_PV.12-EN.pdf,https://digitallibrary.un.org/record/422197
387,/S_PV.4143-EN.pdf,https://digitallibrary.un.org/record/414444
388,/S_PV.4154-EN.pdf,https://digitallibrary.un.org/record/416114
389,/A_55_PV.26-EN.pdf,https://digitallibrary.un.org/record/422925
390,/A_55_PV.20-EN.pdf,https://digitallibrary.un.org/record/422478
391,/A_55_PV.25-EN.pdf,https://digitallibrary.un.org/record/422798
392,/S_PV.4124-EN.pdf,https://digitallibrary.un.org/record/411584
393,/S_PV.4127-EN.pdf,https://digitallibrary.un.org/record/411955
394,/S_PV-4091-EN.pdf,https://digitallibrary.un.org/record/406006
395,/S_PV.4090-EN.pdf,https://digitallibrary.un.org/record/405917
396,/A_55_PV.44-EN.pdf,https://digitallibrary.un.org/record/425864
397,/A_55_PV.14-EN.pdf,https://digitallibrary.un.org/record/422294
398,/A_55_PV.37-EN.pdf,https://digitallibrary.un.org/record/425175
399,/A_55_PV.35-EN.pdf,https://digitallibrary.un.org/record/425023
400,/A_55_PV.55-EN.pdf,https://digitallibrary.un.org/record/426590
401,/A_55_PV.65-EN.pdf,https://digitallibrary.un.org/record/427471
402,/A_ES-10_PV.14-EN.pdf,https://digitallibrary.un.org/record/425381
403,/A_55_PV-59-EN.pdf,https://digitallibrary.un.org/record/426947
404,/A_56_PV.32-EN.pdf,https://digitallibrary.un.org/record/451381
405,/FCCC_CP_2001_MISC.4-EN.pdf,https://digitallibrary.un.org/record/454710
406,/A_AC.183_PV.261-EN.pdf,https://digitallibrary.un.org/record/465840
407,/CD_PV.866-EN.pdf,https://digitallibrary.un.org/record/440076
408,/A_55_PV.106-EN.pdf,https://digitallibrary.un.org/record/444940
409,/A_56_PV.53-EN.pdf,https://digitallibrary.un.org/record/452437
410,/S_PV.4437-EN.pdf,https://digitallibrary.un.org/record/454602
411,/A_S-25_PV.1-EN.pdf,https://digitallibrary.un.org/record/443645
412,/A_56_PV.55-EN.pdf,https://digitallibrary.un.org/record/452624
413,/A_56_PV.45-EN.pdf,https://digitallibrary.un.org/record/452153
414,/A_C.1_55_PV.10-EN.pdf,https://digitallibrary.un.org/record/432532
415,/S_PV.4283-EN.pdf,https://digitallibrary.un.org/record/433653
416,/S_PV.4355-EN.pdf,https://digitallibrary.un.org/record/446215
417,/A_56_PV.47-EN.pdf,https://digitallibrary.un.org/record/452155
418,/A_56_PV.46-EN.pdf,https://digitallibrary.un.org/record/452154
419,/S_PV.4357%28Resumption1%29-EN.pdf,https://digitallibrary.un.org/record/447213
420,/A_56_PV.10-EN.pdf,https://digitallibrary.un.org/record/448757
421,/A_56_PV.49-EN.pdf,https://digitallibrary.un.org/record/452250
422,/A_56_PV.26-EN.pdf,https://digitallibrary.un.org/record/450052
423,/A_56_PV-14-EN.pdf,https://digitallibrary.un.org/record/449146
424,/S_2001_613-EN.pdf,https://digitallibrary.un.org/record/443241
425,/A_56_2-EN.pdf,https://digitallibrary.un.org/record/448855
426,/A_56_PV.16-EN.pdf,https://digitallibrary.un.org/record/449283
427,/A_56_PV.100-EN.pdf,https://digitallibrary.un.org/record/466113
428,/S_2002_85-EN.pdf,https://digitallibrary.un.org/record/456903
429,/A_57_PV.70-EN.pdf,https://digitallibrary.un.org/record/480651
430,/A_57_PV.17-EN.pdf,https://digitallibrary.un.org/record/474053
431,/CD_PV.914-EN.pdf,https://digitallibrary.un.org/record/480936
432,/S_PV.4537-EN.pdf,https://digitallibrary.un.org/record/465009
433,/S_PV.4673-EN.pdf,https://digitallibrary.un.org/record/481889
434,/A_S-27_PV.1-EN.pdf,https://digitallibrary.un.org/record/464326
435,/A_56_PV.105-EN.pdf,https://digitallibrary.un.org/record/467792
436,/A_57_PV.14-EN.pdf,https://digitallibrary.un.org/record/473980
437,/A_AC.183_PV.268-EN.pdf,https://digitallibrary.un.org/record/489149
438,/A_57_PV.3-EN.pdf,https://digitallibrary.un.org/record/473561
439,/CD_PV.895-EN.pdf,https://digitallibrary.un.org/record/464982
440,/S_PV.4642-EN.pdf,https://digitallibrary.un.org/record/477883
441,/S_PV-4484-EN.pdf,https://digitallibrary.un.org/record/459279
442,/S_PV.4630%28Resumption1%29-EN.pdf,https://digitallibrary.un.org/record/476971
443,/A_S-27_PV.4-EN.pdf,https://digitallibrary.un.org/record/464462
444,/S_PV.4485-EN.pdf,https://digitallibrary.un.org/record/459360
445,/A_57_PV.13-EN.pdf,https://digitallibrary.un.org/record/473979
446,/A_S-27_PV.2-EN.pdf,https://digitallibrary.un.org/record/468996
447,/A_57_PV.10-EN.pdf,https://digitallibrary.un.org/record/473976
448,/A_57_PV.7-EN.pdf,https://digitallibrary.un.org/record/473678
449,/S_PV-4618%28Resumption1%29-EN.pdf,https://digitallibrary.un.org/record/475384
450,/%5EST_%5EHCR_MMSP_2001_10-EN.pdf,https://digitallibrary.un.org/record/458379
451,/S_PV.4506-EN.pdf,https://digitallibrary.un.org/record/461220
452,/S_PV.4460%28Resumption1%29-EN.pdf,https://digitallibrary.un.org/record/457399
453,/S_PV.4577%28Resumption1%29-EN.pdf,https://digitallibrary.un.org/record/469410
454,/S_PV-4525%28Resumption1%29-EN.pdf,https://digitallibrary.un.org/record/464010
455,/A_CONF.189_12-EN.pdf,https://digitallibrary.un.org/record/456677
456,/A_57_PV.83-EN.pdf,https://digitallibrary.un.org/record/492685
457,/S_PV.4688-EN.pdf,https://digitallibrary.un.org/record/484786
458,/S_PV.4883-EN.pdf,https://digitallibrary.un.org/record/508800
459,/S_PV.4775-EN.pdf,https://digitallibrary.un.org/record/497430
460,/A_AC.183_PV.276-EN.pdf,https://digitallibrary.un.org/record/515798
461,/CD_PV.939-EN.pdf,https://digitallibrary.un.org/record/517137
462,/S_PV.4812-EN.pdf,https://digitallibrary.un.org/record/501080
463,/A_58_PV.10-EN.pdf,https://digitallibrary.un.org/record/502716
464,/A_58_PV.21-EN.pdf,https://digitallibrary.un.org/record/503103
465,/ICCD_COP%286%29_11-EN.pdf,https://digitallibrary.un.org/record/527334
466,/CD_PV.940-EN.pdf,https://digitallibrary.un.org/record/517139
467,/S_PV.4713-EN.pdf,https://digitallibrary.un.org/record/488544
468,/A_58_PV.20-EN.pdf,https://digitallibrary.un.org/record/503008
469,/S_PV.4734-EN.pdf,https://digitallibrary.un.org/record/491568
470,/S_PV.4836-EN.pdf,https://digitallibrary.un.org/record/503322
471,/S_PV.4869-EN.pdf,https://digitallibrary.un.org/record/506969
472,/A_58_PV.50-EN.pdf,https://digitallibrary.un.org/record/505183
473,/S_PV.4710-EN.pdf,https://digitallibrary.un.org/record/488013
474,/A_58_PV.4-EN.pdf,https://digitallibrary.un.org/record/502643
475,/A_58_PV.9-EN.pdf,https://digitallibrary.un.org/record/502648
476,/S_PV.4684-EN.pdf,https://digitallibrary.un.org/record/483900
477,/S_PV-4837-EN.pdf,https://digitallibrary.un.org/record/503578
478,/A_C-1_58_PV-8-EN.pdf,https://digitallibrary.un.org/record/511248
479,/S_PV.4774-EN.pdf,https://digitallibrary.un.org/record/497429
480,/A_C.1_58_PV.9-EN.pdf,https://digitallibrary.un.org/record/515756
481,/A_58_PV.37-EN.pdf,https://digitallibrary.un.org/record/504424
482,/A_58_PV.75-EN.pdf,https://digitallibrary.un.org/record/509058
483,/S_PV.4709-EN.pdf,https://digitallibrary.un.org/record/487885
484,/S_PV.4748-EN.pdf,https://digitallibrary.un.org/record/493565
485,/A_58_PV.63-EN.pdf,https://digitallibrary.un.org/record/506942
486,/S_PV.4705-EN.pdf,https://digitallibrary.un.org/record/487693
487,/S_PV.4726-EN.pdf,https://digitallibrary.un.org/record/490859
488,/A_58_18-EN.pdf,https://digitallibrary.un.org/record/504739
489,/A_58_PV.80-EN.pdf,https://digitallibrary.un.org/record/515017
490,/A_58_PV.83-EN.pdf,https://digitallibrary.un.org/record/519079
491,/CD_PV.953-EN.pdf,https://digitallibrary.un.org/record/544681
492,/A_ES-10_PV.24-EN.pdf,https://digitallibrary.un.org/record/526085
493,/A_59_PV.49-EN.pdf,https://digitallibrary.un.org/record/539081
494,/A_59_PV.52-EN.pdf,https://digitallibrary.un.org/record/534874
495,/A_58_PV-82-EN.pdf,https://digitallibrary.un.org/record/519033
496,/S_PV-4970-EN.pdf,https://digitallibrary.un.org/record/521469
497,/S_PV.4984-EN.pdf,https://digitallibrary.un.org/record/522910
498,/A_AC.183_PV.283-EN.pdf,https://digitallibrary.un.org/record/542896
499,/S_PV-5075-EN.pdf,https://digitallibrary.un.org/record/534873
500,/A_59_PV.25-EN.pdf,https://digitallibrary.un.org/record/532749
501,/A_59_PV.62-EN.pdf,https://digitallibrary.un.org/record/536040
502,/A_59_PV.8-EN.pdf,https://digitallibrary.un.org/record/531051
503,/A_59_PV.61-EN.pdf,https://digitallibrary.un.org/record/535837
504,/A_59_PV.20-EN.pdf,https://digitallibrary.un.org/record/532164
505,/S_PV.4967-EN.pdf,https://digitallibrary.un.org/record/521235
506,/S_PV.4913-EN.pdf,https://digitallibrary.un.org/record/515760
507,/S_PV-4929-EN.pdf,https://digitallibrary.un.org/record/518302
508,/S_PV.4903-EN.pdf,https://digitallibrary.un.org/record/513886
509,/S_PV-5086-EN.pdf,https://digitallibrary.un.org/record/535654
510,/S_INF_59-EN.pdf,https://digitallibrary.un.org/record/549447
511,/A_59_PV.81-EN.pdf,https://digitallibrary.un.org/record/543646
512,/A_59_PV.102-EN.pdf,https://digitallibrary.un.org/record/550943
513,/S_PV.5245-EN.pdf,https://digitallibrary.un.org/record/554606
514,/A_60_PV.41-EN.pdf,https://digitallibrary.un.org/record/559914
515,/S_PV.5292-EN.pdf,https://digitallibrary.un.org/record/559276
516,/A_60_PV.15-EN.pdf,https://digitallibrary.un.org/record/556862
517,/A_60_PV.16-EN.pdf,https://digitallibrary.un.org/record/556863
518,/A_60_PV.19-EN.pdf,https://digitallibrary.un.org/record/556910
519,/S_PV-5108-EN.pdf,https://digitallibrary.un.org/record/538782
520,/A_60_PV.13-EN.pdf,https://digitallibrary.un.org/record/556858
521,/A_60_PV.6-EN.pdf,https://digitallibrary.un.org/record/556607
522,/A_60_PV.8-EN.pdf,https://digitallibrary.un.org/record/556624
523,/S_PV.5264-EN.pdf,https://digitallibrary.un.org/record/556873
524,/A_59_PV.90-EN.pdf,https://digitallibrary.un.org/record/545468
525,/A_60_PV.48-EN.pdf,https://digitallibrary.un.org/record/560369
526,/E_CN.4_2005_G_39-EN.pdf,https://digitallibrary.un.org/record/549812
527,/S_PV.5131-EN.pdf,https://digitallibrary.un.org/record/542280
528,/Multilateraltreaties2004v1.pdf,https://digitallibrary.un.org/record/547573
529,/A_61_PV-84-EN.pdf,https://digitallibrary.un.org/record/590429
530,/A_60_PV.84-EN.pdf,https://digitallibrary.un.org/record/576140
531,/S_PV.5397-EN.pdf,https://digitallibrary.un.org/record/571502
532,/S_PV.5511-EN.pdf,https://digitallibrary.un.org/record/581051
533,/S_PV.5351-EN.pdf,https://digitallibrary.un.org/record/565509
534,/CD_PV.1027-EN.pdf,https://digitallibrary.un.org/record/593658
535,/A_60_PV.77-EN.pdf,https://digitallibrary.un.org/record/572825
536,/A_61_PV.18-EN.pdf,https://digitallibrary.un.org/record/583677
537,/CD_PV.1011-EN.pdf,https://digitallibrary.un.org/record/579697
538,/S_PV.5373-EN.pdf,https://digitallibrary.un.org/record/567541
539,/S_PV.5359%28Resumption1%29-EN.pdf,https://digitallibrary.un.org/record/566266
540,/A_61_PV.21-EN.pdf,https://digitallibrary.un.org/record/583680
541,/S_PV-5564%28Resumption1%29-EN.pdf,https://digitallibrary.un.org/record/586378
542,/A_60_PV.86-EN.pdf,https://digitallibrary.un.org/record/576360
543,/A_60_PV.87-EN.pdf,https://digitallibrary.un.org/record/576361
544,/S_PV.5512-EN.pdf,https://digitallibrary.un.org/record/581268
545,/FCCC_CP_2005_5-EN.pdf,https://digitallibrary.un.org/record/574372
546,/S_PV.5432-EN.pdf,https://digitallibrary.un.org/record/574511
547,/A_61_622--S_2006_959-EN.pdf,https://digitallibrary.un.org/record/590516
548,/A_61_PV.61-EN.pdf,https://digitallibrary.un.org/record/587647
549,/A_61_PV-77-EN.pdf,https://digitallibrary.un.org/record/588738
550,/A_61_PV.48-EN.pdf,https://digitallibrary.un.org/record/585883
551,/A_61_PV-47-EN.pdf,https://digitallibrary.un.org/record/585882
552,/A_60_978--S_2006_650-EN.pdf,https://digitallibrary.un.org/record/587527
553,/A_61_PV.38-EN.pdf,https://digitallibrary.un.org/record/585138
554,/S_PV-5453-EN.pdf,https://digitallibrary.un.org/record/576561
555,/A_61_PV.103-EN.pdf,https://digitallibrary.un.org/record/603768
556,/A_61_PV.109-EN.pdf,https://digitallibrary.un.org/record/607098
557,/A_AC-183_PV-306-EN.pdf,https://digitallibrary.un.org/record/632207
558,/A_62_PV-36-EN.pdf,https://digitallibrary.un.org/record/610481
559,/S_PV-5693-EN.pdf,https://digitallibrary.un.org/record/601554
560,/S_PV.5761-EN.pdf,https://digitallibrary.un.org/record/609465
561,/A_61_PV.86-EN.pdf,https://digitallibrary.un.org/record/594878
562,/S_PV-5763-EN.pdf,https://digitallibrary.un.org/record/609753
563,/A_62_PV.16-EN.pdf,https://digitallibrary.un.org/record/608572
564,/S_PV.5776-EN.pdf,https://digitallibrary.un.org/record/611102
565,/A_62_PV.56-EN.pdf,https://digitallibrary.un.org/record/612417
566,/S_PV.5710-EN.pdf,https://digitallibrary.un.org/record/602600
567,/A_62_PV.19-EN.pdf,https://digitallibrary.un.org/record/608830
568,/A_62_PV.4-EN.pdf,https://digitallibrary.un.org/record/607727
569,/S_PV.5735-EN.pdf,https://digitallibrary.un.org/record/605867
570,/A_62_4-EN.pdf,https://digitallibrary.un.org/record/607547
571,/CD_PV.1083-EN.pdf,https://digitallibrary.un.org/record/635855
572,/A_62_PV-117-EN.pdf,https://digitallibrary.un.org/record/637318
573,/S_PV.5958-EN.pdf,https://digitallibrary.un.org/record/634500
574,/A_63_PV.6-EN.pdf,https://digitallibrary.un.org/record/637734
575,/A_63_PV.37-EN.pdf,https://digitallibrary.un.org/record/640600
576,/S_PV.6033-EN.pdf,https://digitallibrary.un.org/record/643078
577,/A_63_PV.5-EN.pdf,https://digitallibrary.un.org/record/637733
578,/A_63_515-EN.pdf,https://digitallibrary.un.org/record/642615
579,/S_PV-5886-EN.pdf,https://digitallibrary.un.org/record/626240
580,/S_PV.5916-EN.pdf,https://digitallibrary.un.org/record/629881
581,/A_63_PV.10-EN.pdf,https://digitallibrary.un.org/record/638004
582,/A_63_PV.9-EN.pdf,https://digitallibrary.un.org/record/637866
583,/A_63_PV.63-EN.pdf,https://digitallibrary.un.org/record/642882
584,/S_PV.6017-EN.pdf,https://digitallibrary.un.org/record/641994
585,/A_63_PV.16-EN.pdf,https://digitallibrary.un.org/record/638202
586,/S_PV-5940-EN.pdf,https://digitallibrary.un.org/record/632391
587,/S_PV.5895-EN.pdf,https://digitallibrary.un.org/record/627096
588,/S_PV-5855-EN.pdf,https://digitallibrary.un.org/record/623069
589,/A_63_PV.54-EN.pdf,https://digitallibrary.un.org/record/641875
590,/S_PV.6147-EN.pdf,https://digitallibrary.un.org/record/658294
591,/CD_PV.1139-EN.pdf,https://digitallibrary.un.org/record/708869
592,/S_PV.6079-EN.pdf,https://digitallibrary.un.org/record/647610
593,/A_64_PV.6-EN.pdf,https://digitallibrary.un.org/record/665855
594,/S_PV-6134-EN.pdf,https://digitallibrary.un.org/record/656909
595,/A_64_PV-52-EN.pdf,https://digitallibrary.un.org/record/672365
596,/S_PV.6186-EN.pdf,https://digitallibrary.un.org/record/664240
597,/A_64_PV.27-EN.pdf,https://digitallibrary.un.org/record/669303
598,/S_PV-6228-EN.pdf,https://digitallibrary.un.org/record/672634
599,/A_64_PV.10-EN.pdf,https://digitallibrary.un.org/record/666224
600,/A_64_PV.7-EN.pdf,https://digitallibrary.un.org/record/666221
601,/A_63_PV.105-EN.pdf,https://digitallibrary.un.org/record/665830
602,/A_ES-10_PV.33-EN.pdf,https://digitallibrary.un.org/record/660929
603,/A_64_PV-113-EN.pdf,https://digitallibrary.un.org/record/688792
604,/A_64_PV.82-EN.pdf,https://digitallibrary.un.org/record/681580
605,/A_64_PV-80-EN.pdf,https://digitallibrary.un.org/record/680454
606,/S_PV.6309-EN.pdf,https://digitallibrary.un.org/record/682314
607,/S_PV.6303-EN.pdf,https://digitallibrary.un.org/record/681389
608,/A_65_PV.38-EN.pdf,https://digitallibrary.un.org/record/697256
609,/CD_PV.1195-EN.pdf,https://digitallibrary.un.org/record/714345
610,/S_PV.6464-EN.pdf,https://digitallibrary.un.org/record/695415
611,/A_65_PV.49-EN.pdf,https://digitallibrary.un.org/record/699160
612,/A_64_PV.104-EN.pdf,https://digitallibrary.un.org/record/685544
613,/A_65_PV.23-EN.pdf,https://digitallibrary.un.org/record/694488
614,/A_65_PV.12-EN.pdf,https://digitallibrary.un.org/record/693954
615,/S_PV.6374-EN.pdf,https://digitallibrary.un.org/record/688893
616,/A_65_PV-27-EN.pdf,https://digitallibrary.un.org/record/694883
617,/A_65_PV.6-EN.pdf,https://digitallibrary.un.org/record/692717
618,/A_65_PV.22-EN.pdf,https://digitallibrary.un.org/record/694444
619,/S_PV-6405-EN.pdf,https://digitallibrary.un.org/record/692082
620,/S_PV.6341-EN.pdf,https://digitallibrary.un.org/record/684617
621,/S_PV-6298%28Resumption1%29-EN.pdf,https://digitallibrary.un.org/record/680316
622,/A_65_PV.25-EN.pdf,https://digitallibrary.un.org/record/694880
623,/S_PV-6341%28Resumption1%29-EN.pdf,https://digitallibrary.un.org/record/684618
624,/A_65_74-EN.pdf,https://digitallibrary.un.org/record/683944
625,/DRC_MAPPING_REPORT_FINAL_EN.pdf,https://digitallibrary.un.org/record/709895
626,/A_65_PV.118-EN.pdf,https://digitallibrary.un.org/record/720652
627,/A_65_PV.103-EN.pdf,https://digitallibrary.un.org/record/706829
628,/A_65_PV.87-EN.pdf,https://digitallibrary.un.org/record/704599
629,/CD_PV.1222-EN.pdf,https://digitallibrary.un.org/record/722728
630,/A_66_PV.91-EN.pdf,https://digitallibrary.un.org/record/735048
631,/A_65_PV.38-EN.pdf,https://digitallibrary.un.org/record/697256
632,/A_66_PV.26-EN.pdf,https://digitallibrary.un.org/record/716009
633,/S_PV-6510-EN.pdf,https://digitallibrary.un.org/record/700604
634,/A_65_PV.49-EN.pdf,https://digitallibrary.un.org/record/699160
635,/A_66_PV.51-EN.pdf,https://digitallibrary.un.org/record/720948
636,/S_PV.6485-EN.pdf,https://digitallibrary.un.org/record/698347
637,/A_66_PV.25-EN.pdf,https://digitallibrary.un.org/record/715636
638,/S_2011_586-EN.pdf,https://digitallibrary.un.org/record/712978
639,/A_65_PV.79-EN.pdf,https://digitallibrary.un.org/record/703792
640,/S_PV.6618-EN.pdf,https://digitallibrary.un.org/record/710983
641,/A_66_PV.27-EN.pdf,https://digitallibrary.un.org/record/716405
642,/S_PV.6678-EN.pdf,https://digitallibrary.un.org/record/717394
643,/A_66_PV.19-EN.pdf,https://digitallibrary.un.org/record/714196
644,/A_66_PV.15-EN.pdf,https://digitallibrary.un.org/record/713881
645,/A_66_PV.11-EN.pdf,https://digitallibrary.un.org/record/713441
646,/A_66_PV.49-EN.pdf,https://digitallibrary.un.org/record/720944
647,/S_PV.6472-EN.pdf,https://digitallibrary.un.org/record/696983
648,/A_66_PV.12-EN.pdf,https://digitallibrary.un.org/record/713558
649,/S_PV.6625-EN.pdf,https://digitallibrary.un.org/record/711830
650,/ST_LEG_SER-C_40-EN.pdf,https://digitallibrary.un.org/record/621247
651,/S_PV-6545-EN.pdf,https://digitallibrary.un.org/record/704727
652,/A_66_PV.62-EN.pdf,https://digitallibrary.un.org/record/721019
653,/A_66_PV.34-EN.pdf,https://digitallibrary.un.org/record/717199
654,/A_66_PV.32-EN.pdf,https://digitallibrary.un.org/record/716966
655,/A_66_PV.123-EN.pdf,https://digitallibrary.un.org/record/734223
656,/A_67_PV.58-EN.pdf,https://digitallibrary.un.org/record/744947
657,/A_66_PV.91-EN.pdf,https://digitallibrary.un.org/record/735048
658,/A_66_PV.51-EN.pdf,https://digitallibrary.un.org/record/720948
659,/A_67_PV.11-EN.pdf,https://digitallibrary.un.org/record/737355
660,/S_PV-6710-EN.pdf,https://digitallibrary.un.org/record/720468
661,/A_67_PV.21-EN.pdf,https://digitallibrary.un.org/record/738133
662,/A_66_PV.111-EN.pdf,https://digitallibrary.un.org/record/735021
663,/A_67_PV.9-EN.pdf,https://digitallibrary.un.org/record/737360
664,/A_67_PV.13-EN.pdf,https://digitallibrary.un.org/record/738187
665,/A_67_PV.16-EN.pdf,https://digitallibrary.un.org/record/737359
666,/A_67_PV.14-EN.pdf,https://digitallibrary.un.org/record/737357
667,/S_PV.6720-EN.pdf,https://digitallibrary.un.org/record/721267
668,/A_67_PV.12-EN.pdf,https://digitallibrary.un.org/record/737356
669,/A_66_PV.49-EN.pdf,https://digitallibrary.un.org/record/720944
670,/S_PV-6880-EN.pdf,https://digitallibrary.un.org/record/739193
671,/A_67_PV.6-EN.pdf,https://digitallibrary.un.org/record/737043
672,/A_67_PV.8-EN.pdf,https://digitallibrary.un.org/record/737057
673,/S_PV.6826-EN.pdf,https://digitallibrary.un.org/record/733334
674,/A_67_PV.40-EN.pdf,https://digitallibrary.un.org/record/744044
675,/S_PV.6706%28Resumption1%29-EN.pdf,https://digitallibrary.un.org/record/720042
676,/A_66_PV.118-EN.pdf,https://digitallibrary.un.org/record/734076
677,/A_66_PV.62-EN.pdf,https://digitallibrary.un.org/record/721019
678,/A_67_PV-59-EN.pdf,https://digitallibrary.un.org/record/744948
679,/S_PV.6897-EN.pdf,https://digitallibrary.un.org/record/740642
680,/S_PV.6849-EN.pdf,https://digitallibrary.un.org/record/736418
681,/A_67_PV.91-EN.pdf,https://digitallibrary.un.org/record/754062
682,/A_67_PV-67-EN.pdf,https://digitallibrary.un.org/record/1491385
683,/A_67_PV.69-EN.pdf,https://digitallibrary.un.org/record/748633
684,/S_PV.6905-EN.pdf,https://digitallibrary.un.org/record/742680
685,/S_PV.6993-EN.pdf,https://digitallibrary.un.org/record/752150
686,/S_PV.7046-EN.pdf,https://digitallibrary.un.org/record/760000
687,/A_68_PV.14-EN.pdf,https://digitallibrary.un.org/record/759787
688,/S_PV.6946-EN.pdf,https://digitallibrary.un.org/record/747789
689,/A_AC.96_1132-EN.pdf,https://digitallibrary.un.org/record/764117
690,/A_68_12_Add-1-EN.pdf,https://digitallibrary.un.org/record/759663
691,/A_68_PV.13-EN.pdf,https://digitallibrary.un.org/record/758973
692,/A_68_PV.72-EN.pdf,https://digitallibrary.un.org/record/764990
693,/S_PV-7073-EN.pdf,https://digitallibrary.un.org/record/762000
694,/A_68_PV.12-EN.pdf,https://digitallibrary.un.org/record/758779
695,/S_PV.7071-EN.pdf,https://digitallibrary.un.org/record/761619
696,/S_PV.6903-EN.pdf,https://digitallibrary.un.org/record/742511
697,/S_PV-6977-EN.pdf,https://digitallibrary.un.org/record/750821
698,/A_68_PV.16-EN.pdf,https://digitallibrary.un.org/record/759783
699,/S_PV.7019-EN.pdf,https://digitallibrary.un.org/record/755320
700,/A_68_PV.15-EN.pdf,https://digitallibrary.un.org/record/759473
701,/A_68_PV.57-EN.pdf,https://digitallibrary.un.org/record/763077
702,/A_68_PV.10-EN.pdf,https://digitallibrary.un.org/record/758725
703,/A_68_PV-50-EN.pdf,https://digitallibrary.un.org/record/762550
704,/S_PV.6965-EN.pdf,https://digitallibrary.un.org/record/749304
705,/A_68_PV.46-EN.pdf,https://digitallibrary.un.org/record/762053
706,/A_68_PV.18-EN.pdf,https://digitallibrary.un.org/record/759913
707,/S_PV.6900-EN.pdf,https://digitallibrary.un.org/record/741922
708,/A_67_842-EN.pdf,https://digitallibrary.un.org/record/749657
709,/S_PV.7011-EN.pdf,https://digitallibrary.un.org/record/753573
710,/S_PV.7003-EN.pdf,https://digitallibrary.un.org/record/753134
711,/A_68_PV.5-EN.pdf,https://digitallibrary.un.org/record/758384
712,/S_PV.7057-EN.pdf,https://digitallibrary.un.org/record/760982
713,/A_68_PV.23-EN.pdf,https://digitallibrary.un.org/record/760244
714,/A_67_PV-59-EN.pdf,https://digitallibrary.un.org/record/744948
715,/S_PV.6948-EN.pdf,https://digitallibrary.un.org/record/748640
716,/S_PV.6984-EN.pdf,https://digitallibrary.un.org/record/751479
717,/S_PV.7044-EN.pdf,https://digitallibrary.un.org/record/759721
718,/S_PV.6917%20%28Resumption%201%29-EN.pdf,https://digitallibrary.un.org/record/743975
719,/S_PV.7170-EN.pdf,https://digitallibrary.un.org/record/770577
720,/S_PV.7274-EN.pdf,https://digitallibrary.un.org/record/781133
721,/S_PV.7155-EN.pdf,https://digitallibrary.un.org/record/769200
722,/S_PV.7245-EN.pdf,https://digitallibrary.un.org/record/777714
723,/S_PV.7148-EN.pdf,https://digitallibrary.un.org/record/767616
724,/A_69_PV.50-EN.pdf,https://digitallibrary.un.org/record/786488
725,/S_PV.7095-EN.pdf,https://digitallibrary.un.org/record/763635
726,/A_69_PV.4-EN.pdf,https://digitallibrary.un.org/record/781185
727,/S_PV.7269-EN.pdf,https://digitallibrary.un.org/record/779958
728,/S_PV.7347-EN.pdf,https://digitallibrary.un.org/record/785569
729,/S_PV.7314-EN.pdf,https://digitallibrary.un.org/record/783149
730,/A_69_PV.16-EN.pdf,https://digitallibrary.un.org/record/783095
731,/S_PV.7105-EN.pdf,https://digitallibrary.un.org/record/764707
732,/A_69_PV.15-EN.pdf,https://digitallibrary.un.org/record/782804
733,/A_69_PV.12-EN.pdf,https://digitallibrary.un.org/record/781826
734,/A_69_PV.11-EN.pdf,https://digitallibrary.un.org/record/781545
735,/A_69_PV.58-EN.pdf,https://digitallibrary.un.org/record/787730
736,/A_69_PV.18-EN.pdf,https://digitallibrary.un.org/record/783098
737,/A_69_PV.20-EN.pdf,https://digitallibrary.un.org/record/783102
738,/S_PV.7208-EN.pdf,https://digitallibrary.un.org/record/774289
739,/S_PV.7267-EN.pdf,https://digitallibrary.un.org/record/779699
740,/A_69_PV.28-EN.pdf,https://digitallibrary.un.org/record/785666
741,/A_69_PV.9-EN.pdf,https://digitallibrary.un.org/record/781486
742,/S_PV.7351-EN.pdf,https://digitallibrary.un.org/record/785571
743,/A_69_PV.59-EN.pdf,https://digitallibrary.un.org/record/787738
744,/A_69_PV.17-EN.pdf,https://digitallibrary.un.org/record/783097
745,/S_PV-7272-EN.pdf,https://digitallibrary.un.org/record/780317
746,/S_PV.7234-EN.pdf,https://digitallibrary.un.org/record/776818
747,/S_PV.7343-EN.pdf,https://digitallibrary.un.org/record/785424
748,/A_68_PV.82-EN.pdf,https://digitallibrary.un.org/record/769548
749,/S_PV.7129-EN.pdf,https://digitallibrary.un.org/record/766866
750,/S_PV.7196-EN.pdf,https://digitallibrary.un.org/record/772926
751,/A_68_PV.91-EN.pdf,https://digitallibrary.un.org/record/775698
752,/S_PV-7275-EN.pdf,https://digitallibrary.un.org/record/781134
753,/S_PV.7281-EN.pdf,https://digitallibrary.un.org/record/782125
754,/S_PV.7160-EN.pdf,https://digitallibrary.un.org/record/769954
755,/S_PV.7247-EN.pdf,https://digitallibrary.un.org/record/778213
756,/S_PV.7316-EN.pdf,https://digitallibrary.un.org/record/783652
757,/S_PV.7259-EN.pdf,https://digitallibrary.un.org/record/779093
758,/S_PV.7222-EN.pdf,https://digitallibrary.un.org/record/776028
759,/S_PV.7289-EN.pdf,https://digitallibrary.un.org/record/782391
760,/A_69_PV-79-EN.pdf,https://digitallibrary.un.org/record/791294
761,/A_69_PV-99-EN.pdf,https://digitallibrary.un.org/record/799375
762,/A_70_PV.39-EN.pdf,https://digitallibrary.un.org/record/816380
763,/A_69_PV.83-EN.pdf,https://digitallibrary.un.org/record/791298
764,/A_70_PV.46-EN.pdf,https://digitallibrary.un.org/record/817129
765,/A_69_PV.103-EN.pdf,https://digitallibrary.un.org/record/804243
766,/S_2015_344-EN.pdf,https://digitallibrary.un.org/record/795062
767,/S_PV.7528-EN.pdf,https://digitallibrary.un.org/record/806125
768,/A_69_PV-80-EN.pdf,https://digitallibrary.un.org/record/791295
769,/A_70_PV.15-EN.pdf,https://digitallibrary.un.org/record/811309
770,/S_PV.7526-EN.pdf,https://digitallibrary.un.org/record/803430
771,/A_70_PV.21-EN.pdf,https://digitallibrary.un.org/record/812641
772,/A_69_PV.84-EN.pdf,https://digitallibrary.un.org/record/791242
773,/S_PV-7574-EN.pdf,https://digitallibrary.un.org/record/814049
774,/A_70_PV.4-EN.pdf,https://digitallibrary.un.org/record/805709
775,/S_PV.7440-EN.pdf,https://digitallibrary.un.org/record/793624
776,/S_PV.7591-EN.pdf,https://digitallibrary.un.org/record/815998
777,/A_70_PV.25-EN.pdf,https://digitallibrary.un.org/record/814021
778,/A_70_PV.20-EN.pdf,https://digitallibrary.un.org/record/812449
779,/S_PV.7555-EN.pdf,https://digitallibrary.un.org/record/811036
780,/A_70_PV.16-EN.pdf,https://digitallibrary.un.org/record/811989
781,/S_PV.7403-EN.pdf,https://digitallibrary.un.org/record/789707
782,/A_70_PV.5-EN.pdf,https://digitallibrary.un.org/record/806295
783,/A_70_PV.19-EN.pdf,https://digitallibrary.un.org/record/812453
784,/S_PV.7502-EN.pdf,https://digitallibrary.un.org/record/799555
785,/S_PV.7585-EN.pdf,https://digitallibrary.un.org/record/814578
786,/S_PV.7539-EN.pdf,https://digitallibrary.un.org/record/808149
787,/S_PV-7455-EN.pdf,https://digitallibrary.un.org/record/794585
788,/S_PV.7389-EN.pdf,https://digitallibrary.un.org/record/788477
789,/S_PV.7466-EN.pdf,https://digitallibrary.un.org/record/795299
790,/S_PV.7432-EN.pdf,https://digitallibrary.un.org/record/792262
791,/S_PV.7561-EN.pdf,https://digitallibrary.un.org/record/811608
792,/S_PV.7533-EN.pdf,https://digitallibrary.un.org/record/807991
793,/S_PV.7450%20%28Resumption%201%29-EN.pdf,https://digitallibrary.un.org/record/793904
794,/S_PV.7414-EN.pdf,https://digitallibrary.un.org/record/791365
795,/S_PV.7428-EN.pdf,https://digitallibrary.un.org/record/791626
796,/A_70_PV-108-EN.pdf,https://digitallibrary.un.org/record/837774
797,/S_2016_1074-EN.pdf,https://digitallibrary.un.org/record/856107
798,/A_71_PV-2-EN.pdf,https://digitallibrary.un.org/record/843391
799,/A_71_PV-28-EN.pdf,https://digitallibrary.un.org/record/854077
800,/S_PV-7719-EN.pdf,https://digitallibrary.un.org/record/832578
801,/A_70_PV.89-EN.pdf,https://digitallibrary.un.org/record/826910
802,/A_AC-183_PV-380-EN.pdf,https://digitallibrary.un.org/record/1289636
803,/A_71_PV-29-EN.pdf,https://digitallibrary.un.org/record/854096
804,/S_PV-7600-EN.pdf,https://digitallibrary.un.org/record/816955
805,/A_71_PV-49-EN.pdf,https://digitallibrary.un.org/record/857824
806,/S_PV-7609-EN.pdf,https://digitallibrary.un.org/record/817562
807,/S_PV-7669-EN.pdf,https://digitallibrary.un.org/record/826681
808,/S_PV-7693-EN.pdf,https://digitallibrary.un.org/record/829906
809,/S_PV-7779-EN.pdf,https://digitallibrary.un.org/record/843401
810,/A_71_PV.16-EN.pdf,https://digitallibrary.un.org/record/847488
811,/A_71_PV-22-EN.pdf,https://digitallibrary.un.org/record/849764
812,/A_70_PV.110-EN.pdf,https://digitallibrary.un.org/record/839672
813,/A_71_PV.15-EN.pdf,https://digitallibrary.un.org/record/847431
814,/S_PV-7629-EN.pdf,https://digitallibrary.un.org/record/820948
815,/A_70_PV.111-EN.pdf,https://digitallibrary.un.org/record/839673
816,/S_PV-7778-EN.pdf,https://digitallibrary.un.org/record/843215
817,/S_PV-7771-EN.pdf,https://digitallibrary.un.org/record/841054
818,/S_PV-7637-EN.pdf,https://digitallibrary.un.org/record/822427
819,/S_PV-7811-EN.pdf,https://digitallibrary.un.org/record/848751
820,/A_71_PV-6A-EN.pdf,https://digitallibrary.un.org/record/845419
821,/S_PV-7802-EN.pdf,https://digitallibrary.un.org/record/847619
822,/S_PV-7774-EN.pdf,https://digitallibrary.un.org/record/842633
823,/S_PV-7829-EN.pdf,https://digitallibrary.un.org/record/850909
824,/A_71_PV.11-EN.pdf,https://digitallibrary.un.org/record/845892
825,/S_PV-7694-EN.pdf,https://digitallibrary.un.org/record/830648
826,/S_PV-7621-EN.pdf,https://digitallibrary.un.org/record/820469
827,/S_PV-7837-EN.pdf,https://digitallibrary.un.org/record/852128
828,/S_PV-7813-EN.pdf,https://digitallibrary.un.org/record/848914
829,/S_PV-7690-EN.pdf,https://digitallibrary.un.org/record/829356
830,/S_PV-7642-EN.pdf,https://digitallibrary.un.org/record/822977
831,/S_PV-7753-EN.pdf,https://digitallibrary.un.org/record/836362
832,/S_PV.7793-EN.pdf,https://digitallibrary.un.org/record/845960
833,/A_71_PV-37-EN.pdf,https://digitallibrary.un.org/record/854489
834,/S_PV.7670_%28Resumption_1%29-EN.pdf,https://digitallibrary.un.org/record/826687
835,/A_71_PV-72-EN.pdf,https://digitallibrary.un.org/record/1286152
836,/A_71_PV-93-EN.pdf,https://digitallibrary.un.org/record/1298764
837,/S_PV-7957-EN.pdf,https://digitallibrary.un.org/record/1288205
838,/S_PV-7991-EN.pdf,https://digitallibrary.un.org/record/1290931
839,/A_71_PV-83-EN.pdf,https://digitallibrary.un.org/record/1289721
840,/S_PV-7917-EN.pdf,https://digitallibrary.un.org/record/1286363
841,/S_PV-8120-EN.pdf,https://digitallibrary.un.org/record/1325822
842,/S_PV-8068-EN.pdf,https://digitallibrary.un.org/record/1306867
843,/A_72_PV.19-EN.pdf,https://digitallibrary.un.org/record/1325212
844,/S_PV-8026-EN.pdf,https://digitallibrary.un.org/record/1302262
845,/S_PV-7910-EN.pdf,https://digitallibrary.un.org/record/863792
846,/A_72_PV.5-EN.pdf,https://digitallibrary.un.org/record/1306334
847,/S_PV-8062-EN.pdf,https://digitallibrary.un.org/record/1306052
848,/A_71_PV-95-EN.pdf,https://digitallibrary.un.org/record/1303202
849,/S_PV-8051-EN.pdf,https://digitallibrary.un.org/record/1304967
850,/A_72_PV.4-EN.pdf,https://digitallibrary.un.org/record/1304713
851,/S_PV-7960-EN.pdf,https://digitallibrary.un.org/record/1288715
852,/S_PV-7873-EN.pdf,https://digitallibrary.un.org/record/857940
853,/S_PV-7886-EN.pdf,https://digitallibrary.un.org/record/860672
854,/S_PV-7990-EN.pdf,https://digitallibrary.un.org/record/1290994
855,/A_72_PV.15-EN.pdf,https://digitallibrary.un.org/record/1318526
856,/A_72_PV.6-EN.pdf,https://digitallibrary.un.org/record/1306354
857,/A_72_183%26S_2017_621-EN.pdf,https://digitallibrary.un.org/record/1301400
858,/S_PV.7896-EN.pdf,https://digitallibrary.un.org/record/861967
859,/A_72_PV.11-EN.pdf,https://digitallibrary.un.org/record/1310955
860,/A_72_PV.10-EN.pdf,https://digitallibrary.un.org/record/1308067
861,/S_PV-8038-EN.pdf,https://digitallibrary.un.org/record/1302762
862,/S_PV-8055-EN.pdf,https://digitallibrary.un.org/record/1305473
863,/A_72_PV.16-EN.pdf,https://digitallibrary.un.org/record/1324237
864,/S_PV-8147-EN.pdf,https://digitallibrary.un.org/record/3842872
865,/A_C-1_72_PV-2-EN.pdf,https://digitallibrary.un.org/record/1486885
866,/S_PV-7934-EN.pdf,https://digitallibrary.un.org/record/1288984
867,/A_72_PV.14-EN.pdf,https://digitallibrary.un.org/record/1318227
868,/S_PV-8072-EN.pdf,https://digitallibrary.un.org/record/1310522
869,/S_PV-7857-EN.pdf,https://digitallibrary.un.org/record/856235
870,/S_PV-7929-EN.pdf,https://digitallibrary.un.org/record/1288977
871,/S_PV.7938-EN.pdf,https://digitallibrary.un.org/record/1288988
872,/S_PV-7898-EN.pdf,https://digitallibrary.un.org/record/862365
873,/S_PV-8082-EN.pdf,https://digitallibrary.un.org/record/1312084
874,/A_73_PV.2-EN.pdf,https://digitallibrary.un.org/record/1644774
875,/S_PV-8238-EN.pdf,https://digitallibrary.un.org/record/1483973
876,/S_PV-8229-EN.pdf,https://digitallibrary.un.org/record/1482889
877,/A_73_PV.5-EN.pdf,https://digitallibrary.un.org/record/1648510
878,/S_PV-8239-EN.pdf,https://digitallibrary.un.org/record/1483974
879,/S_PV.8413-EN.pdf,https://digitallibrary.un.org/record/1655100
880,/S_PV-8378-EN.pdf,https://digitallibrary.un.org/record/1649887
881,/A_72_PV-80-EN.pdf,https://digitallibrary.un.org/record/1485594
882,/S_PV-8183-EN.pdf,https://digitallibrary.un.org/record/1473548
883,/S_PV-8337-EN.pdf,https://digitallibrary.un.org/record/1640469
884,/A_73_PV.11-EN.pdf,https://digitallibrary.un.org/record/1654215
885,/S_PV-8333-EN.pdf,https://digitallibrary.un.org/record/1640254
886,/S_PV.8408-EN.pdf,https://digitallibrary.un.org/record/1654137
887,/S_PV-8198-EN.pdf,https://digitallibrary.un.org/record/1476367
888,/A_73_PV.6-EN.pdf,https://digitallibrary.un.org/record/1650699
889,/A_73_PV.10-EN.pdf,https://digitallibrary.un.org/record/1654214
890,/S_PV-8199-EN.pdf,https://digitallibrary.un.org/record/1476721
891,/S_PV.8416-EN.pdf,https://digitallibrary.un.org/record/1655631
892,/S_PV-8396-EN.pdf,https://digitallibrary.un.org/record/1652545
893,/A_73_PV-16-EN.pdf,https://digitallibrary.un.org/record/1658325
894,/S_PV-8399-EN.pdf,https://digitallibrary.un.org/record/1653270
895,/S_PV-8376-EN.pdf,https://digitallibrary.un.org/record/1649569
896,/A_73_PV.8-EN.pdf,https://digitallibrary.un.org/record/1652093
897,/S_PV-8152-EN.pdf,https://digitallibrary.un.org/record/3845901
898,/S_PV.8431-EN.pdf,https://digitallibrary.un.org/record/1657733
899,/A_73_PV.13-EN.pdf,https://digitallibrary.un.org/record/1654552
900,/A_73_PV.14-EN.pdf,https://digitallibrary.un.org/record/1658301
901,/S_PV.8218-EN.pdf,https://digitallibrary.un.org/record/1480402
902,/S_PV-8412-EN.pdf,https://digitallibrary.un.org/record/1654614
903,/S_PV.8407-EN.pdf,https://digitallibrary.un.org/record/1654023
904,/S_PV-8248-EN.pdf,https://digitallibrary.un.org/record/1486938
905,/S_PV-8364-EN.pdf,https://digitallibrary.un.org/record/1645059
906,/S_PV-8426-EN.pdf,https://digitallibrary.un.org/record/1656937
907,/S_PV-8334-EN.pdf,https://digitallibrary.un.org/record/1640468
908,/S_PV-8361-EN.pdf,https://digitallibrary.un.org/record/1643661
909,/S_PV-8290-EN.pdf,https://digitallibrary.un.org/record/1631054
910,/A_72_PV-105-EN.pdf,https://digitallibrary.un.org/record/1644076
911,/S_PV-8217-EN.pdf,https://digitallibrary.un.org/record/1479950
912,/S_PV-8305-EN.pdf,https://digitallibrary.un.org/record/1634090
913,/A_72_PV-99-EN.pdf,https://digitallibrary.un.org/record/1638437
914,/S_PV-8264-EN.pdf,https://digitallibrary.un.org/record/1627986
915,/S_PV.8234-EN.pdf,https://digitallibrary.un.org/record/1485344
916,/S_PV.8467-EN.pdf,https://digitallibrary.un.org/record/3792452
917,/S_PV-8492-EN.pdf,https://digitallibrary.un.org/record/3798198
918,/S_PV.8547-EN.pdf,https://digitallibrary.un.org/record/3809570
919,/S_PV.8568-EN.pdf,https://digitallibrary.un.org/record/3811314
920,/S_PV.8641-EN.pdf,https://digitallibrary.un.org/record/3832244
921,/A_74_PV.13-EN.pdf,https://digitallibrary.un.org/record/3837853
922,/A_74_PV.8-EN.pdf,https://digitallibrary.un.org/record/3833367
923,/S_PV-8668-EN.pdf,https://digitallibrary.un.org/record/3836334
924,/S_PV.8481-EN.pdf,https://digitallibrary.un.org/record/3794953
925,/S_PV.8633-EN.pdf,https://digitallibrary.un.org/record/3830874
926,/A_74_PV.5-EN.pdf,https://digitallibrary.un.org/record/3832679
927,/A_74_PV.7-EN.pdf,https://digitallibrary.un.org/record/3833329
928,/A_74_PV.10-EN.pdf,https://digitallibrary.un.org/record/3836252
929,/A_74_PV.3-EN.pdf,https://digitallibrary.un.org/record/3832033
930,/S_PV-8613-EN.pdf,https://digitallibrary.un.org/record/3827218
931,/S_PV.8511-EN.pdf,https://digitallibrary.un.org/record/3800368
932,/A_74_PV.6-EN.pdf,https://digitallibrary.un.org/record/3833326
933,/S_PV.8521-EN.pdf,https://digitallibrary.un.org/record/3803056
934,/A_74_PV.33-EN.pdf,https://digitallibrary.un.org/record/3848279
935,/A_74_PV.9-EN.pdf,https://digitallibrary.un.org/record/3835055
936,/A_73_PV.104-EN.pdf,https://digitallibrary.un.org/record/3827885
937,/A_74_PV.11-EN.pdf,https://digitallibrary.un.org/record/3836253
938,/A_74_PV.12-EN.pdf,https://digitallibrary.un.org/record/3837507
939,/A_74_PV.4-EN.pdf,https://digitallibrary.un.org/record/3832231
940,/S_PV.8685-EN.pdf,https://digitallibrary.un.org/record/3840099
941,/S_PV.8600-EN.pdf,https://digitallibrary.un.org/record/3825239
942,/A_74_548-EN.pdf,https://digitallibrary.un.org/record/3836261
943,/S_PV.8449-EN.pdf,https://digitallibrary.un.org/record/1662544
944,/S_PV-8591-EN.pdf,https://digitallibrary.un.org/record/3823576
945,/S_PV.8514-EN.pdf,https://digitallibrary.un.org/record/3801516
946,/S_PV.8534-EN.pdf,https://digitallibrary.un.org/record/3807191
947,/A_73_PV.67-EN.pdf,https://digitallibrary.un.org/record/3799592
948,/A_C.1_74_PV.9-EN.pdf,https://digitallibrary.un.org/record/3856569
949,/S_PV.8496-EN.pdf,https://digitallibrary.un.org/record/3798963
950,/S_PV.8451-EN.pdf,https://digitallibrary.un.org/record/1663251
951,/S_2020_783-EN.pdf,https://digitallibrary.un.org/record/3875826
952,/A_74_PV.66-EN.pdf,https://digitallibrary.un.org/record/3888277
953,/S_PV.8726-EN.pdf,https://digitallibrary.un.org/record/3853065
954,/A_75_PV.21-EN.pdf,https://digitallibrary.un.org/record/3900665
955,/A_75_PV.33-EN.pdf,https://digitallibrary.un.org/record/3929904
956,/A_75_PV.9-EN.pdf,https://digitallibrary.un.org/record/3902090
957,/A_75_PV.3_%28Resumption_1%29-EN.pdf,https://digitallibrary.un.org/record/3905804
958,/S_PV.8703-EN.pdf,https://digitallibrary.un.org/record/3847688
959,/S_2020_572-EN.pdf,https://digitallibrary.un.org/record/3874602
960,/S_PV.8739-EN.pdf,https://digitallibrary.un.org/record/3854526
961,/A_75_PV.15-EN.pdf,https://digitallibrary.un.org/record/3905327
962,/S_PV.8702-EN.pdf,https://digitallibrary.un.org/record/3847335
963,/A_75_PV.3-EN.pdf,https://digitallibrary.un.org/record/3905539
964,/A_75_PV.8-EN.pdf,https://digitallibrary.un.org/record/3900992
965,/A_75_PV.5-EN.pdf,https://digitallibrary.un.org/record/3899842
966,/A_75_PV.11-EN.pdf,https://digitallibrary.un.org/record/3903489
967,/S_PV.8771-EN.pdf,https://digitallibrary.un.org/record/3887701
968,/A_75_PV.13-EN.pdf,https://digitallibrary.un.org/record/3904093
969,/S_2020_891-EN.pdf,https://digitallibrary.un.org/record/3886534
970,/A_S-31_PV.2-EN.pdf,https://digitallibrary.un.org/record/3922150
971,/A_75_PV.6-EN.pdf,https://digitallibrary.un.org/record/3900323
972,/A_75_PV.10-EN.pdf,https://digitallibrary.un.org/record/3903142
973,/A_75_PV.7-EN.pdf,https://digitallibrary.un.org/record/3900701
974,/A_75_PV.14-EN.pdf,https://digitallibrary.un.org/record/3905107
975,/A_S-31_PV.2_%28Resumption_2%29-EN.pdf,https://digitallibrary.un.org/record/3922369
976,/S_PV.8723-EN.pdf,https://digitallibrary.un.org/record/3850746
977,/A_74_PV.58-EN.pdf,https://digitallibrary.un.org/record/3856474
978,/S_2020_929-EN.pdf,https://digitallibrary.un.org/record/3891169
979,/S_PV.8699_%28Resumption_1%29-EN.pdf,https://digitallibrary.un.org/record/3847239
980,/S_2020_663-EN.pdf,https://digitallibrary.un.org/record/3876476
981,/S_2020_1236-EN.pdf,https://digitallibrary.un.org/record/3898578
982,/S_2020_465-EN.pdf,https://digitallibrary.un.org/record/3872065
983,/A_76_PV.19-EN.pdf,https://digitallibrary.un.org/record/3958564
984,/S_2021_411-EN.pdf,https://digitallibrary.un.org/record/3925849
985,/A_75_PV.59-EN.pdf,https://digitallibrary.un.org/record/3934510
986,/A_75_PV.105-EN.pdf,https://digitallibrary.un.org/record/3944693
987,/A_75_592_Add.5-EN.pdf,https://digitallibrary.un.org/record/3902206
988,/A_75_PV.77_%28Resumption_2%29-EN.pdf,https://digitallibrary.un.org/record/3938127
989,/A_75_557_Add.1-EN.pdf,https://digitallibrary.un.org/record/3905913
990,/A_75_PV.58-EN.pdf,https://digitallibrary.un.org/record/3934198
991,/A_75_592_Add.11-EN.pdf,https://digitallibrary.un.org/record/3905325
992,/S_2021_351-EN.pdf,https://digitallibrary.un.org/record/3925854
993,/S_PV.8871-EN.pdf,https://digitallibrary.un.org/record/3942821
994,/S_PV.8918-EN.pdf,https://digitallibrary.un.org/record/3950978
995,/A_75_557-EN.pdf,https://digitallibrary.un.org/record/3905679
996,/S_PV.8851-EN.pdf,https://digitallibrary.un.org/record/3939883
997,/A_75_592_Add.9-EN.pdf,https://digitallibrary.un.org/record/3904092
998,/S_2021_174-EN.pdf,https://digitallibrary.un.org/record/3906148
999,/A_75_592_Add.1-EN.pdf,https://digitallibrary.un.org/record/3900292
1000,/A_75_592_Add.4-EN.pdf,https://digitallibrary.un.org/record/3901084
1001,/A_76_PV.11-EN.pdf,https://digitallibrary.un.org/record/3954258
1002,/A_76_PV.14-EN.pdf,https://digitallibrary.un.org/record/3955478
1003,/A_76_PV.4-EN.pdf,https://digitallibrary.un.org/record/3949631
1004,/A_75_592_Add.7-EN.pdf,https://digitallibrary.un.org/record/3903488
1005,/A_S-31_4_Add.2-EN.pdf,https://digitallibrary.un.org/record/3923972
1006,/A_76_332_Add.9-EN.pdf,https://digitallibrary.un.org/record/3955485
1007,/S_2021_336-EN.pdf,https://digitallibrary.un.org/record/3924594
1008,/A_S-31_4-EN.pdf,https://digitallibrary.un.org/record/3923973
1009,/A_75_592_Add.2-EN.pdf,https://digitallibrary.un.org/record/3900470
1010,/S_PV.8791-EN.pdf,https://digitallibrary.un.org/record/3928957
1011,/A_75_592_Add.3-EN.pdf,https://digitallibrary.un.org/record/3900694
1012,/A_75_592_Add.10-EN.pdf,https://digitallibrary.un.org/record/3904309
1013,/A_76_PV.23-EN.pdf,https://digitallibrary.un.org/record/3965479
1014,/A_76_PV.17-EN.pdf,https://digitallibrary.un.org/record/3958310
1015,/A_75_592_Add.6-EN.pdf,https://digitallibrary.un.org/record/3903147
1016,/S_PV.8790-EN.pdf,https://digitallibrary.un.org/record/3928952
1017,/S_2021_346-EN.pdf,https://digitallibrary.un.org/record/3927381
1018,/S_PV.8923-EN.pdf,https://digitallibrary.un.org/record/3951258
1019,/S_2021_91-EN.pdf,https://digitallibrary.un.org/record/3903137
1020,/S_2021_250-EN.pdf,https://digitallibrary.un.org/record/3924421
1021,/A_75_PV.68-EN.pdf,https://digitallibrary.un.org/record/3935749
1022,/S_2021_480-EN.pdf,https://digitallibrary.un.org/record/3937144
1023,/S_2021_505-EN.pdf,https://digitallibrary.un.org/record/3932831
1024,/S_2022_375-EN.pdf,https://digitallibrary.un.org/record/3972218
1025,/S_PV.9061-EN.pdf,https://digitallibrary.un.org/record/3977159
1026,/S_PV.8992-EN.pdf,https://digitallibrary.un.org/record/3965230
1027,/S_PV.9011-EN.pdf,https://digitallibrary.un.org/record/3968212
1028,/S_PV.9007-EN.pdf,https://digitallibrary.un.org/record/3967238
1029,/S_PV.9052-EN.pdf,https://digitallibrary.un.org/record/3976593
1030,/S_PV.9051-EN.pdf,https://digitallibrary.un.org/record/3976386
1031,/S_PV.9012-EN.pdf,https://digitallibrary.un.org/record/3968391
1032,/S_PV.9027-EN.pdf,https://digitallibrary.un.org/record/3972582
1033,/A_ES-11_PV.10-EN.pdf,https://digitallibrary.un.org/record/3972658
1034,/S_PV.9016-EN.pdf,https://digitallibrary.un.org/record/3969016
1035,/S_PV.9016_%28Resumption_1%29-EN.pdf,https://digitallibrary.un.org/record/3969223
