,URL
34,https://digitallibrary.un.org/record/1633743
60,https://digitallibrary.un.org/record/77689
142,https://digitallibrary.un.org/record/77698
168,https://digitallibrary.un.org/record/142822
336,https://digitallibrary.un.org/record/258157
353,https://digitallibrary.un.org/record/277902
356,https://digitallibrary.un.org/record/491933
370,https://digitallibrary.un.org/record/407529
407,https://digitallibrary.un.org/record/456889
419,https://digitallibrary.un.org/record/448538
430,https://digitallibrary.un.org/record/476523
450,https://digitallibrary.un.org/record/477327
456,https://digitallibrary.un.org/record/462306
470,https://digitallibrary.un.org/record/3892704
472,https://digitallibrary.un.org/record/3894443
488,https://digitallibrary.un.org/record/495811
522,https://digitallibrary.un.org/record/566693
527,https://digitallibrary.un.org/record/567989
528,https://digitallibrary.un.org/record/763274
546,https://digitallibrary.un.org/record/585444
553,https://digitallibrary.un.org/record/585017
571,https://digitallibrary.un.org/record/601591
590,https://digitallibrary.un.org/record/664656
610,https://digitallibrary.un.org/record/807229
625,https://digitallibrary.un.org/record/690261
631,https://digitallibrary.un.org/record/3868846
634,https://digitallibrary.un.org/record/3907188
638,https://digitallibrary.un.org/record/707060
649,https://digitallibrary.un.org/record/3907182
655,https://digitallibrary.un.org/record/1305305
658,https://digitallibrary.un.org/record/756909
669,https://digitallibrary.un.org/record/724612
679,https://digitallibrary.un.org/record/759053
685,https://digitallibrary.un.org/record/745950
717,https://digitallibrary.un.org/record/768617
837,https://digitallibrary.un.org/record/1467413
916,https://digitallibrary.un.org/record/3824607
